bigram|PMI
('peace', 'reign')|13.84
('pay', 'tribute')|13.84
('patron', 'archduke')|13.84
('partitas', 'grander')|13.84
('paralytic', 'sadness')|13.84
('orchesterwerke', 'romantik')|13.84
('oom', 'cha')|13.84
('ode', 'joy')|13.84
('notion', 'fresh')|13.84
('nostalgia', 'weighs')|13.84
('nod', 'stark')|13.84
('nature', 'countersubjects')|13.84
('mystery', 'pervades')|13.84
('peer', 'gynt')|13.84
('pepper', 'spray')|13.84
('razz', 'ma')|13.84
('rapturous', 'flights')|13.84
('rapt', 'semitone')|13.84
('quote', 'retrograde')|13.84
('quodlibet', 'breaks')|13.84
('quicksilver', 'janglings')|13.84
('proud', 'novelty')|13.84
('projects', 'air')|13.84
('privileged', 'visitors')|13.84
('pompous', 'procession')|13.84
('pointillistic', 'rendering')|13.84
('placement', 'glacial')|13.84
('percussive', 'anti')|13.84
('peppery', 'fanfares')|13.84
('mustonen', 'interpretation')|13.84
('musicaux', 'emphasizes')|13.84
('morceaux', 'salon')|13.84
('lawn', 'chair')|13.84
('komm', 'der')|13.84
('knife', 'edge')|13.84
('kennedy', 'winston')|13.84
('julian', 'fontana')|13.84
('joyfulness', 'happiness')|13.84
('johann', 'pachelbel')|13.84
('jazzy', 'syncopes')|13.84
('jazz', 'theory')|13.84
('inward', 'reticent')|13.84
('interpretive', 'approaches')|13.84
('interpretation', 'crystalline')|13.84
('intellectual', 'resource')|13.84
('inspiration', 'deeper')|13.84
('lens', 'urbane')|13.84
('letter', 'fellow')|13.84
('meditations', 'nocturnes')|13.84
('moonlit', 'meditations')|13.84
('modulatory', 'territory')|13.84
('miniature', 'masterpiece')|13.84
('michael', 'von')|13.84
('metallic', 'thrumming')|13.84
('mere', 'mortals')|13.84
('menuetto', 'utmost')|13.84
('mendelsohnn', 'swws')|13.84
('mendelsohn', 'ian')|13.84
('mechanical', 'clock')|13.84
('lightens', 'joins')|13.84
('masterpiece', 'offers')|13.84
('manual', 'ruckers')|13.84
('maintain', 'bounciness')|13.84
('ma', 'tazz')|13.84
('ludwig', 'van')|13.84
('insanity', 'finish')|13.84
('unsuspected', 'heights')|13.84
('tutta', 'forza')|13.84
('transpositions', 'seconds')|13.84
('tradition', 'prevalent')|13.84
('topic', 'debate')|13.84
('tinyurl', 'com')|13.84
('thunder', 'lightning')|13.84
('taught', 'lesson')|13.84
('swws', 'night')|13.84
('sweetness', 'trios')|13.84
('sustain', 'pedaling')|13.84
('survives', 'draft')|13.84
('surges', 'depths')|13.84
('yearnings', 'wagner')|13.84
('yeah', 'alright')|13.84
('y7y635ml', 'decision')|13.84
('word', 'gymnopédie')|13.84
('wobble', 'cheery')|13.84
('winston', 'churchill')|13.84
('willing', 'sing')|13.84
('wigs', 'mind')|13.84
('watery', 'wetness')|13.84
('water', 'park')|13.84
('village', 'band')|13.84
('verbatim', 'quote')|13.84
('utmost', 'dignity')|13.84
('summon', 'associations')|13.84
('sentiment', 'cheekiness')|13.84
('seaside', 'pleasures')|13.84
('scurry', 'attains')|13.84
('scotch', 'snap')|13.84
('sadness', 'breaking')|13.84
('rush', 'grandeur')|13.84
('romantik', 'themen')|13.84
('roguish', 'scampering')|13.84
('resolution', 'question')|13.84
('reflux', 'alternate')|13.84
('shades', 'clavecinistes—rameau')|13.84
('subsequent', 'transpositions')|13.84
('stands', 'difficulties')|13.84
('st', 'antoni')|13.84
('siciliano', 'pastoral')|13.84
('sotto', 'voce')|13.84
('sophistication', 'handle')|13.84
('sophisticated', 'impressionism')|13.84
('sombre', 'dirge')|13.84
('skips', 'teaches')|13.84
('sits', 'lawn')|13.84
('similarities', 'differences')|13.84
('insistent', 'hemiola')|13.84
('cipherlike', 'subterranean')|13.84
('choppy', 'waves')|13.84
('choose', 'face')|13.84
('chabrier', 'bourrée')|13.84
('care', 'breeziness')|13.84
('cantor', 'leipzig')|13.84
('cannonades', 'block')|13.84
('calls', 'entirety')|13.84
('bushel', 'unleashes')|13.84
('brook', 'street')|13.84
('bravoura', 'sur')|13.84
('brace', 'menuets')|13.84
('bowl', 'smarties')|13.84
('bout', 'thunder')|13.84
('bourrée', 'fantasque')|13.84
('bombastic', 'crowd')|13.84
('blurry', 'billows')|13.84
('blissful', 'peace')|13.84
('billows', 'watery')|13.84
('citation', 'gap')|13.84
('cue', 'audience')|13.84
('crystalline', 'brittle')|13.84
('crinoline', 'petticoats')|13.84
('cousin', 'corrente')|13.84
('corrente', 'hops')|13.84
('convulsive', 'spasms')|13.84
('contribute', 'fullness')|13.84
('continual', 'gauntlets')|13.84
('concept', 'jazz')|13.84
('concentration', 'wane')|13.84
('commentary', 'forecasting')|13.84
('com', 'y7y635ml')|13.84
('clavecinistes—rameau', 'couperin—in')|13.84
('bears', 'deviations')|13.84
('bang', 'job')|13.84
('aggressive', 'jostling')|13.84
('aesthetic', 'attribute')|13.84
('advice', 'doctor')|13.84
('additional', 'repetitions')|13.84
('act', 'henrik')|13.84
('acid', 'reflux')|13.84
('alright', 'genius')|13.84
('arrogant', 'agogic')|13.84
('band', 'crude')|13.84
('aware', 'devotes')|13.84
('aural', 'hallucinations')|13.84
('audience', 'applause')|13.84
('atonal', 'beneath')|13.84
('asylum', 'endenich')|13.84
('assembles', 'clusters')|13.84
('ass', 'days')|13.84
('amaj7', 'bsus2')|13.84
('architectural', 'leanings')|13.84
('archduke', 'rudolph')|13.84
('archaic', 'renaissance')|13.84
('applause', 'exits')|13.84
('antiphonal', 'echo')|13.84
('american', 'minstrel')|13.84
('heights', 'glory')|13.84
('heaven', 'stem')|13.84
('gruff', 'growling')|13.84
('grosse', 'sonate')|13.84
('grieg', 'morning')|13.84
('granite', 'hewn')|13.84
('gran', 'espressione')|13.84
('gifts', 'melodist')|13.84
('gaze', 'sky')|13.84
('gallop', 'tarantella')|13.84
('gallic', 'shades')|13.84
('fuel', 'tank')|13.84
('heiden', 'heiland')|13.84
('heiland', 'kerman')|13.84
('freemason', 'michael')|13.84
('helter', 'skelter')|13.84
('inconsiderable', 'margin')|13.84
('inclination', 'sit')|13.84
('impulse', 'checks')|13.84
('immense', 'gifts')|13.84
('imagined', 'upheld')|13.84
('image', 'bubbling')|13.84
('icy', 'rhine')|13.84
('ian', 'sweetness')|13.84
('hypnotic', 'static')|13.84
('humour', 'dry')|13.84
('https', 'tinyurl')|13.84
('horse', 'hoof')|13.84
('horns', 'trumpets')|13.84
('hopeful', 'self')|13.84
('hommage', 'larghetto')|13.84
('hint', 'crinoline')|13.84
('hewn', 'hardness')|13.84
('hermann', 'abert')|13.84
('henrik', 'ibsen')|13.84
('friend', 'advice')|13.84
('fountain', 'inspiration')|13.84
('diminutive', 'proportions')|13.84
('emanuel', 'ax')|13.84
('doppio', 'movimento')|13.84
('dominate', 'lists')|13.84
('doleful', 'bagatelle')|13.84
('emphasizes', 'influence')|13.84
('diary', 'entries')|13.84
('devolve', 'smarminess')|13.84
('devil', 'care')|13.84
('desperate', 'anger')|13.84
('der', 'heiden')|13.84
('debate', 'claim')|13.84
('fantasie', 'bravoura')|13.84
('enjoy', 'response')|13.84
('foretaste', 'complexities')|13.84
('footfall', 'yields')|13.84
('finish', 'titanic')|13.84
('feverish', 'buzzing')|13.84
('fellow', 'freemason')|13.84
('fanfares', 'oops')|13.84
('execition', 'transcendante')|13.84
('eruptive', 'surges')|13.84
('events', 'weddings')|13.84
('evocation', 'wisp')|13.84
('forearm', 'rotation')|13.84
('experimental', 'implementation')|13.84
('expansion', 'contractions')|13.84
('explosive', 'vs')|13.84
('fall', 'camp')|13.84
('pp', 'subito')|12.84
('portion', 'feverish')|12.84
('precision', 'peppery')|12.84
('pool', 'overtone')|12.84
('polka', 'oom')|12.84
('poles', 'emotion')|12.84
('playful', 'trailing')|12.84
('plangent', 'urgent')|12.84
('performer', 'concentration')|12.84
('picture', 'postcard')|12.84
('physical', 'gestures')|12.84
('princess', 'friederike')|12.84
('personal', 'possibly')|12.84
('radical', 'treatment')|12.84
('response', 'approach')|12.84
('peaceful', 'consoling')|12.84
('repertoire', 'scarlatti')|12.84
('renaissance', 'era')|12.84
('registral', 'displacement')|12.84
('print', 'audiation')|12.84
('rapidfire', 'planing')|12.84
('quartet', 'lieder')|12.84
('psychic', 'shift')|12.84
('procession', 'suspensions')|12.84
('menace', 'fantasy')|12.84
('narrative', 'stops')|12.84
('musings', 'sharper')|12.84
('mock', 'seriousness')|12.84
('mix', 'passacaglia')|12.84
('minimum', 'equals')|12.84
('method', 'imply')|12.84
('meaning', 'springtime')|12.84
('majestic', 'aura')|12.84
('lieder', 'album')|12.84
('lesser', 'difficulty')|12.84
('nervous', 'stutter')|12.84
('noble', 'grandioso')|12.84
('oxcart', 'journey')|12.84
('opus', 'numbers')|12.84
('operatic', 'arias')|12.84
('online', 'print')|12.84
('ominous', 'undertow')|12.84
('occur', 'dna')|12.84
('obsessive', 'aspect')|12.84
('obligatory', 'competent')|12.84
('tazz', 'blue')|12.84
('reveals', 'resemblance')|12.84
('tourist', 'naples')|12.84
('unimaginable', 'era')|12.84
('unifying', 'factors')|12.84
('undertone', 'grating')|12.84
('unable', 'write')|12.84
('turbulence', 'restlessness')|12.84
('trick', 'maintaining')|12.84
('told', 'publisher')|12.84
('term', 'joke')|12.84
('tense', 'atmosphere')|12.84
('tender', 'recount')|12.84
('tedious', 'read')|12.84
('tasteful', 'appropriate')|12.84
('urban', 'bustle')|12.84
('lento', 'gran')|12.84
('yearning', 'dissonances')|12.84
('wrists', 'arms')|12.84
('wonderful', 'results')|12.84
('wide', 'swathe')|12.84
('waves', 'sea')|12.84
('wanderer', 'fantasy')|12.84
('vocabulary', 'rural')|12.84
('vladimir', 'sofronitzky')|12.84
('vladimir', 'horowitz')|12.84
('tarantella', 'breathless')|12.84
('rêverie', 'daydream')|12.84
('slight', 'alterations')|12.84
('size', 'shape')|12.84
('sheer', 'delight')|12.84
('serene', 'beauty')|12.84
('segues', 'seamless')|12.84
('scope', 'learning')|12.84
('satie', 'gymnopédies')|12.84
('safest', 'stay')|12.84
('sostenuto', 'centerpiece')|12.84
('space', 'occupies')|12.84
('suggestive', 'metallic')|12.84
('successive', 'pairs')|12.84
('submediant', 'oscillation')|12.84
('sub', 'divides')|12.84
('stylistic', 'understanding')|12.84
('stillness', 'moonlight')|12.84
('step', 'advent')|12.84
('stay', 'friend')|12.84
('sportive', 'child')|12.84
('specific', 'goals')|12.84
('specific', 'damper')|12.84
('special', 'events')|12.84
('spate', 'introspection')|12.84
('lento', 'placido')|12.84
('lengthy', 'digression')|12.84
('context', 'draws')|12.84
('considerable', 'talents')|12.84
('considerable', 'readjustment')|12.84
('confident', 'agility')|12.84
('concision', 'power')|12.84
('comic', 'opera')|12.84
('collection', 'magnificent')|12.84
('climaxes', 'staffs')|12.84
('choreography', 'motions')|12.84
('counterstatement', 'tg')|12.84
('child', 'water')|12.84
('cheerful', 'compact')|12.84
('champion', 'vladimir')|12.84
('celebratory', 'anticipate')|12.84
('celebrate', 'ways')|12.84
('caprice', 'italien')|12.84
('diverts', 'attention')|12.84
('db7', 'share')|12.84
('dint', 'throbbing')|12.84
('deeper', 'waters')|12.84
('decide', 'roll')|12.84
('decide', 'incorporate')|12.84
('debussy', 'bassoon')|12.84
('daydream', 'circling')|12.84
('dancelike', 'helter')|12.84
('daisy', 'glissando')|12.84
('cyclic', 'unity')|12.84
('crude', 'contrasts')|12.84
('crowd', 'pleasing')|12.84
('crotchet', 'equals')|12.84
('crescendo', 'jackhammer')|12.84
('campanella', 'vibes')|12.84
('campanella', 'generates')|12.84
('abrupt', 'accelerandos')|12.84
('alternate', 'brilliant')|12.84
('allusions', 'compositions')|12.84
('alive', 'florid')|12.84
('address', 'issues')|12.84
('absolute', 'saturation')|12.84
('absolute', 'insanity')|12.84
('ambitious', 'narrative')|12.84
('antoni', 'method')|12.84
('appearance', 'peaceful')|12.84
('brittle', 'reminds')|12.84
('brilliant', 'cascades')|12.84
('blue', 'mystic')|12.84
('biographer', 'john')|12.84
('beginnings', 'endings')|12.84
('beauty', 'urban')|12.84
('lean', 'forward')|12.84
('ave', 'maria')|12.84
('aura', 'mystery')|12.84
('attempt', 'hide')|12.84
('article', 'forgiven')|12.84
('humor', 'playfulness')|12.84
('hover', 'magic')|12.84
('hold', 'emphasis')|12.84
('hellbent', 'fury')|12.84
('hair', 'breadth')|12.84
('grow', 'strength')|12.84
('grande', 'fantasie')|12.84
('generic', 'hybrid')|12.84
('geistervariationen', 'ghost')|12.84
('fury', 'drives')|12.84
('fulness', 'keeps')|12.84
('friederike', 'prussia')|12.84
('hunt', 'trumpet')|12.84
('illustration', 'generic')|12.84
('lays', 'bare')|12.84
('lament', 'intrudes')|12.84
('john', 'warrack')|12.84
('job', 'feeling')|12.84
('intuitive', 'grounds')|12.84
('intrudes', 'daydream')|12.84
('introspective', 'rêverie')|12.84
('introspective', 'calm')|12.84
('intense', 'paralytic')|12.84
('innocent', 'childlike')|12.84
('incorporate', 'abrupt')|12.84
('impressive', 'watch')|12.84
('francis', 'poulenc')|12.84
('emotion', 'explosive')|12.84
('exception', 'microscopic')|12.84
('era', 'fauxbourdon')|12.84
('era', 'cantor')|12.84
('english', 'suites')|12.84
('employs', 'hallmarks')|12.84
('employ', 'shift')|12.84
('eleventh', 'exhibits')|12.84
('element', 'wobble')|12.84
('edge', 'parody')|12.84
('ears', 'beginner')|12.84
('earnest', 'allemande')|12.84
('fortississimo', 'fff')|12.84
('drawn', 'commentary')|12.84
('exercise', 'endurance')|12.84
('le', 'caprice')|12.84
('ferocious', 'climaxes')|12.84
('formal', 'design')|12.84
('exploratory', 'playfulness')|12.84
('forceful', 'abs')|12.84
('footsteps', 'goldbergs')|12.84
('florid', 'decoration')|12.84
('fit', 'opus')|12.84
('ffff', 'quadruple')|12.84
('festive', 'celebratory')|12.84
('fauré', 'avoids')|12.84
('fantastical', 'ways')|12.84
('fantasque', 'poulenc')|12.84
('familiarize', 'ear')|12.84
('fair', 'shy')|12.84
('face', 'reason')|12.84
('extemporaneous', 'improvisation')|12.84
('extreme', 'difficulty')|12.84
('points', 'mendelssohn')|12.26
('plath', 'wolfgang')|12.26
('più', 'vivo')|12.26
('pathos', 'plangent')|12.26
('overall', 'architecture')|12.26
('provide', 'basis')|12.26
('question', 'characteristics')|12.26
('revolution', 'sort')|12.26
('old', 'friends')|12.26
('real', 'trick')|12.26
('real', 'gem')|12.26
('ragtime', 'stride')|12.26
('mortals', 'brilliance')|12.26
('offer', 'excellent')|12.26
('lighter', 'fare')|12.26
('la', 'clochette')|12.26
('manuscript', 'https')|12.26
('la', 'campanella')|12.26
('klindworth', 'edition')|12.26
('italian', 'cousin')|12.26
('introductory', 'build')|12.26
('mean', 'fireworks')|12.26
('oboe', 'violas')|12.26
('necessary', 'balance')|12.26
('muscular', 'vigour')|12.26
('muscular', 'exuberance')|12.26
('motivic', 'integration')|12.26
('meditation', 'theme—one')|12.26
('motivic', 'cells')|12.26
('minstrel', 'shows')|12.26
('mimics', 'sort')|12.26
('tranquillity', 'reflective')|12.26
('touch', 'gaiety')|12.26
('tiny', 'motivic')|12.26
('theme—one', 'handel')|12.26
('temporary', 'transitions')|12.26
('table', 'shows')|12.26
('systematic', 'exercises')|12.26
('sweeping', 'reiteration')|12.26
('surprise', 'e6')|12.26
('variety', 'contexts')|12.26
('vehicle', 'brand')|12.26
('vehicle', 'keyboardist')|12.26
('wistful', 'sighs')|12.26
('world', 'weary')|12.26
('world', 'sombre')|12.26
('wolfgang', 'rehm')|12.26
('wolfgang', 'plath')|12.26
('wolfgang', 'amadeus')|12.26
('windows', 'translucent')|12.26
('wind', 'instruments')|12.26
('wider', 'spread')|12.26
('whirl', 'fiery')|12.26
('warp', 'don')|12.26
('sur', 'la')|12.26
('superb', 'mustonen')|12.26
('skills', 'expression')|12.26
('sonate', 'für')|12.26
('soft', 'sad')|12.26
('soft', 'quivering')|12.26
('smoothness', 'doesn')|12.26
('skelter', 'deceptive')|12.26
('shy', 'oboe')|12.26
('shows', 'frequency')|12.26
('separate', 'areas')|12.26
('sort', 'nostalgia')|12.26
('suite', 'napoli')|12.26
('structural', 'standpoint')|12.26
('suggest', 'pleading')|12.26
('substitution', 'concept')|12.26
('stuff', 'basis')|12.26
('string', 'quartet')|12.26
('strict', 'observance')|12.26
('storms', 'conclusion')|12.26
('directions', 'lends')|12.26
('interspersed', 'replications')|12.26
('dips', 'rises')|12.26
('conclusion', 'bitter')|12.26
('climb', 'dim7')|12.26
('classify', 'gigue')|12.26
('clara', 'forbade')|12.26
('chromaticism', 'persistent')|12.26
('controversy', 'versions')|12.26
('crucial', 'points')|12.26
('dialogue', 'ensues')|12.26
('diabelli', 'deconstructionist')|12.26
('deceptive', 'syncopations')|12.26
('deploy', 'la')|12.26
('deleterious', 'effects')|12.26
('dedication', 'manuscript')|12.26
('decorative', 'devices')|12.26
('deconstructionist', 'hyper')|12.26
('album', 'für')|12.26
('able', 'firmly')|12.26
('apocalyptic', 'conclusion')|12.26
('buzzing', 'rises')|12.26
('brilliance', 'lifts')|12.26
('bravura', 'flair')|12.26
('blossom', 'tremolos')|12.26
('array', 'techniques')|12.26
('bear', 'relationship')|12.26
('barcarolle', 'solemnity')|12.26
('diminution', 'motivic')|12.26
('breeziness', 'arrives')|12.26
('direct', 'omission')|12.26
('greatest', 'expressivity')|12.26
('goals', 'exercises')|12.26
('gesture', 'plunging')|12.26
('general', 'tip')|12.26
('für', 'therese')|12.26
('für', 'das')|12.26
('function', 'resolution')|12.26
('forbade', 'publication')|12.26
('fondness', 'hyper')|12.26
('guide', 'student')|12.26
('inserts', 'intermezzo')|12.26
('indication', 'scherzando')|12.26
('incidental', 'colouring')|12.26
('imitate', 'bells')|12.26
('hyper', 'architectural')|12.26
('huge', 'mitt')|12.26
('flights', 'passion')|12.26
('handel', 'gallic')|12.26
('fingerings', 'expansion')|12.26
('evocative', 'surprise')|12.26
('effects', 'straightforwardness')|12.26
('eerie', 'sort')|12.26
('don', 'apparel')|12.26
('doesn', 'devolve')|12.26
('eschews', 'muscular')|12.26
('effective', 'ideal')|12.26
('extra', 'dimension')|12.26
('exquisite', 'sonority')|12.26
('experimentation', 'sonority')|12.26
('expansive', 'swells')|12.26
('excellent', 'sightreading')|12.26
('excellent', 'forearm')|12.26
('prokofiev', 'frequent')|11.84
('pianississimo', 'ppp')|11.84
('raindrop', 'effect')|11.84
('print', 'brahms')|11.84
('playfulness', 'warmth')|11.84
('powerful', 'crescendo')|11.84
('poulenc', 'picture')|11.84
('poetic', 'evident')|11.84
('physical', 'comfort')|11.84
('reckless', 'speed')|11.84
('reflection', 'mirror')|11.84
('saw', 'fit')|11.84
('pervade', 'rest')|11.84
('sarabande', 'diverts')|11.84
('s3', 'divide')|11.84
('ruminative', 'adagio')|11.84
('rudolph', 'hammerklavier')|11.84
('romantic', 'literature')|11.84
('rich', 'tune')|11.84
('relentless', 'torrent')|11.84
('pessimistic', 'tragic')|11.84
('perpetuo', 'animation')|11.84
('mixture', 'song')|11.84
('moto', 'perpetuo')|11.84
('momentum', 'slows')|11.84
('modest', 'tapering')|11.84
('meant', 'summon')|11.84
('maj', 'siciliano')|11.84
('maj', 'looks')|11.84
('magic', 'pin')|11.84
('scene', 'weber')|11.84
('narrative', 'scope')|11.84
('performer', 'discretion')|11.84
('pause', 'favourite')|11.84
('pause', 'angelic')|11.84
('past', 'evident')|11.84
('park', 'colourful')|11.84
('pace', 'outer')|11.84
('orchestral', 'colors')|11.84
('objective', 'appropriate')|11.84
('nimble', 'fingers')|11.84
('nickname', 'hunt')|11.84
('saw', 'print')|11.84
('score', 'performer')|11.84
('undertow', 'reappears')|11.84
('vigour', 'relentless')|11.84
('veers', 'course')|11.84
('upbeat', 'affair')|11.84
('unifying', 'element')|11.84
('undergo', 'transformation')|11.84
('tricky', 'compare')|11.84
('traditional', 'layout')|11.84
('tour', 'force')|11.84
('virtuosic', 'sustain')|11.84
('volley', 'volley')|11.84
('textural', 'exploration')|11.84
('xi', 'triple')|11.84
('wrists', 'arm')|11.84
('widest', 'need')|11.84
('volumes', 'songs')|11.84
('wide', 'stretches')|11.84
('weber', 'sheer')|11.84
('weber', 'operas')|11.84
('luminous', 'trepidation')|11.84
('wave', 'wave')|11.84
('textural', 'elaborations')|11.84
('sonic', 'glow')|11.84
('spontaneity', 'feature')|11.84
('spate', 'imagine')|11.84
('spaced', 'sonorities')|11.84
('sonic', 'mayhem')|11.84
('slur', 'groups')|11.84
('shape', 'decide')|11.84
('sforzando', 'relentless')|11.84
('steady', 'bassline')|11.84
('task', 'warm')|11.84
('switch', 'places')|11.84
('suspension', 'resolves')|11.84
('strenuous', 'demands')|11.84
('sudden', 'windows')|11.84
('sudden', 'outpouring')|11.84
('successful', 'attempt')|11.84
('subsection', 'alla')|11.84
('lydian', 'dorian')|11.84
('luminous', 'color')|11.84
('consist', 'link')|11.84
('commonplace', 'perform')|11.84
('comfort', 'smooth')|11.84
('comfort', 'fluency')|11.84
('colourful', 'transcription')|11.84
('colourful', 'bowl')|11.84
('child', 'prepares')|11.84
('cheerful', 'celebratory')|11.84
('checks', 'momentum')|11.84
('chain', 'suspensions')|11.84
('chain', '3rds')|11.84
('centre', 'weight')|11.84
('casual', 'mastery')|11.84
('continuous', 'trill')|11.84
('dead', 'earnest')|11.84
('direction', 'fuller')|11.84
('difficulty', 'compositions')|11.84
('differentiate', 'sounding')|11.84
('device', 'functioning')|11.84
('correct', 'emphasis')|11.84
('das', 'hammerklavier')|11.84
('crescendo', 'accelerando')|11.84
('bwv772', 'invention')|11.84
('animation', 'narrative')|11.84
('alterations', 'concludes')|11.84
('alla', 'marcia')|11.84
('apotheosis', 'case')|11.84
('brutal', 'resolve')|11.84
('baroque', 'mix')|11.84
('bright', 'spectrum')|11.84
('breadth', 'pause')|11.84
('bold', 'thunderstorm')|11.84
('blush', 'hard')|11.84
('bitter', 'tragic')|11.84
('arm', 'action')|11.84
('article', 'analyze')|11.84
('arrangement', 'ave')|11.84
('arms', 'wrist')|11.84
('dissonance', 'downbeat')|11.84
('dissonant', 'fortississimo')|11.84
('hungarian', 'rhapsodies')|11.84
('hungarian', 'cimbalom')|11.84
('height', 'force')|11.84
('heavy', 'lifting')|11.84
('haydn', 'st')|11.84
('haydn', 'connects')|11.84
('hard', 'recognise')|11.84
('grand', 'apotheosis')|11.84
('grace', 'worthy')|11.84
('fury', 'fury')|11.84
('hybrid', 'combining')|11.84
('idea', 'prolong')|11.84
('idea', 'receives')|11.84
('janglings', 'tremolo')|11.84
('lies', 'relentless')|11.84
('late', 'romanticism')|11.84
('larger', 'individual')|11.84
('keeps', 'chatter')|11.84
('invention', 'bwv772')|11.84
('innovative', 'touches')|11.84
('inhuman', 'accuracy')|11.84
('independence', 'facility')|11.84
('exact', 'articulations')|11.84
('endurance', 'accuracy')|11.84
('endenich', 'die')|11.84
('emphasis', 'poetic')|11.84
('emphasis', 'correct')|11.84
('emotional', 'centre')|11.84
('echo', 'effect')|11.84
('friederike', 'quartets')|11.84
('effect', 'redistribute')|11.84
('feature', 'experimentation')|11.84
('fantaisie', 'impromptu')|11.84
('f7', 'analyze')|11.84
('revolutionary', 'étude')|11.67
('pianistic', 'exhibitionism')|11.52
('practice', 'chunks')|11.52
('precedent', 'standard')|11.52
('repetitive', 'patterning')|11.52
('range', 'interpretive')|11.52
('open', 'recital')|11.52
('listener', 'boils')|11.52
('mode', 'eruptive')|11.52
('look', 'ludwig')|11.52
('load', 'help')|11.52
('listener', 'foreground')|11.52
('light', 'bushel')|11.52
('reprise', 'veers')|11.52
('introduce', 'listener')|11.52
('reprise', 'proper')|11.52
('require', 'practicing')|11.52
('individualistic', 'thing')|11.52
('weighted', 'story')|11.52
('useful', 'today')|11.52
('unexpected', 'undertone')|11.52
('unexpected', 'skips')|11.52
('tip', 'practice')|11.52
('theatrical', 'scherzo')|11.52
('tells', 'story')|11.52
('succession', 'fundamental')|11.52
('scherzo', 'scamper')|11.52
('scherzo', 'eschews')|11.52
('wetness', 'cross')|11.52
('close', 'imitation')|11.52
('clever', 'thing')|11.52
('chromatism', 'increases')|11.52
('breakneck', 'semi')|11.52
('brand', 'virtuosity')|11.52
('complex', 'modulatory')|11.52
('andantino', 'stands')|11.52
('andantino', 'moderate')|11.52
('airy', 'light')|11.52
('agogic', 'accents')|11.52
('imitation', 'imitative')|11.52
('complex', 'busy')|11.52
('evidence', 'story')|11.52
('hide', 'light')|11.52
('composition', 'miniature')|11.52
('handelian', 'virtuosity')|11.52
('gradual', 'increases')|11.52
('gossamer', 'light')|11.52
('gaiety', 'story')|11.52
('furthers', 'motifs')|11.52
('funeral', 'marches')|11.52
('continue', 'tap')|11.52
('eroica', 'exploratory')|11.52
('configured', 'accents')|11.52
('continue', 'chromatism')|11.52
('easier', 'manage')|11.52
('ecstatic', 'colours')|11.52
('compositional', 'pianistic')|11.52
('pianists', 'reasons')|11.26
('periods', 'characteristics')|11.26
('outline', 'genre')|11.26
('piu', 'mosso')|11.26
('pathétique', 'shows')|11.26
('ornaments', 'decorations')|11.26
('omit', 'ornamentation')|11.26
('old', 'watch')|11.26
('number', 'groupings')|11.26
('placid', 'drawn')|11.26
('poco', 'meno')|11.26
('present', 'dissect')|11.26
('precise', 'beginnings')|11.26
('powerful', 'lush')|11.26
('poco', 'piu')|11.26
('issues', 'coordination')|11.26
('noble', 'aria')|11.26
('learn', 'johann')|11.26
('leaps', 'swagger')|11.26
('kissin', 'superb')|11.26
('keeps', 'foot')|11.26
('italian', 'meaning')|11.26
('intermediate', 'players')|11.26
('instrument', 'pepper')|11.26
('loud', 'arrogant')|11.26
('nineteenth', 'century')|11.26
('neighbour', 'tones')|11.26
('molto', 'legato')|11.26
('modest', 'title')|11.26
('military', 'precision')|11.26
('meno', 'mosso')|11.26
('mendelssohn', 'life')|11.26
('mature', 'student')|11.26
('total', 'beginner')|11.26
('tonality', 'rapt')|11.26
('tie', 'marks')|11.26
('textures', 'moods')|11.26
('tension', 'repose')|11.26
('tension', 'accumulates')|11.26
('tell', 'difference')|11.26
('t3', 'cadential')|11.26
('symphonic', 'études')|11.26
('structural', 'treatment')|11.26
('strong', 'tendency')|11.26
('solemnity', 'chorale')|11.26
('triumphant', 'rush')|11.26
('warm', 'structural')|11.26
('want', 'suggest')|11.26
('vivo', 'registral')|11.26
('virtuoso', 'violinist')|11.26
('violinist', 'paganini')|11.26
('variety', 'touches')|11.26
('utilizes', 'past')|11.26
('unperturbed', 'melancholy')|11.26
('turbulent', 'expansive')|11.26
('try', 'imitate')|11.26
('reminiscent', 'horseback')|11.26
('relief', 'touch')|11.26
('quadruple', 'forte')|11.26
('small', 'boat')|11.26
('reverential', 'chorale')|11.26
('slower', 'hair')|11.26
('instance', 'agitation')|11.26
('segue', 'rondo')|11.26
('rubinstein', 'virtuoso')|11.26
('rote', 'ear')|11.26
('instrument', 'dint')|11.26
('gauntlets', 'number')|11.26
('climactic', 'conclusion')|11.26
('clear', 'word')|11.26
('clear', 'ice')|11.26
('clear', 'articulation')|11.26
('chromaticism', 'sequences')|11.26
('chorale', 'nun')|11.26
('bsus2', 'instance')|11.26
('clochette', 'paganini')|11.26
('breathless', 'vehicle')|11.26
('colouristic', 'effects')|11.26
('crossings', 'facility')|11.26
('countermelody', 'lends')|11.26
('coordination', 'syncopation')|11.26
('contrasts', 'brilliance')|11.26
('contrasting', 'poles')|11.26
('contrapunctus', 'xi')|11.26
('boiling', 'textures')|11.26
('initial', 'decades')|11.26
('acrobatic', 'skill')|11.26
('accompany', 'john')|11.26
('accelerando', 'progresses')|11.26
('20th', 'century')|11.26
('19th', 'century')|11.26
('barcarolle', 'imitates')|11.26
('authentic', 'cadences')|11.26
('approach', 'model')|11.26
('analysis', 'ease')|11.26
('alto', 'c2t')|11.26
('advent', 'chorale')|11.26
('advanced', 'players')|11.26
('crossings', 'scarlatti')|11.26
('daredevil', 'leaps')|11.26
('grasp', 'pianists')|11.26
('gigue', 'breathless')|11.26
('gift', 'lyricism')|11.26
('gentle', 'raindrops')|11.26
('general', 'spirit')|11.26
('forte', 'outbursts')|11.26
('foreshadows', 'techniques')|11.26
('forecasting', 'textures')|11.26
('foot', 'etude')|11.26
('grows', 'tense')|11.26
('haze', 'overtones')|11.26
('incredible', 'dexterity')|11.26
('incredible', 'colouring')|11.26
('increase', 'tension')|11.26
('incorporates', 'ideas')|11.26
('idiosyncratic', 'elements')|11.26
('hops', 'leaps')|11.26
('hitches', 'tonality')|11.26
('flute', 'oboe')|11.26
('fluctuation', 'page')|11.26
('diverse', 'skills')|11.26
('dissolves', 'translucent')|11.26
('dim7', 'iv')|11.26
('deter', 'pianists')|11.26
('design', 'comprises')|11.26
('decorations', 'ornaments')|11.26
('dry', 'chorale')|11.26
('ease', 'reading')|11.26
('eighteenth', 'century')|11.26
('florid', 'elaboration')|11.26
('fingerings', 'isolate')|11.26
('favorite', 'shostakovich')|11.26
('extra', 'element')|11.26
('extensive', 'clarinet')|11.26
('execute', 'bold')|11.26
('entry', 'violent')|11.26
('contrapunctus', 'viii')|11.26
('semi', 'quavers')|11.2
